{
    "rules": [
        {
            "name": "CTF stuff",
            "id":1,
            "conditions": {
                "domains": [
                    "picoctf.org",
                    "ctflearn.com"
                ]
            },
            "path":"CTF"
        },
        {
            "name": "videos",
            "id":2,
            "conditions": {
                "extensions": ["jpg","mp4", "mov", "wmv", "flv", "avi", "mkv"]
            },
            "path":"Videos"
        }
    ],
    "default": {
        "path": "Downloads"
    }
}

